calendar_date,date_id,day_of_week,month,year
2024-06-25 23:33:20.347713,20240625,Tuesday,6,2024
2024-06-26 23:33:20.347713,20240626,Wednesday,6,2024
2024-06-27 23:33:20.347713,20240627,Thursday,6,2024
2024-06-28 23:33:20.347713,20240628,Friday,6,2024
2024-06-29 23:33:20.347713,20240629,Saturday,6,2024
2024-06-30 23:33:20.347713,20240630,Sunday,6,2024
2024-07-01 23:33:20.347713,20240701,Monday,7,2024
2024-07-02 23:33:20.347713,20240702,Tuesday,7,2024
2024-07-03 23:33:20.347713,20240703,Wednesday,7,2024
2024-07-04 23:33:20.347713,20240704,Thursday,7,2024
2024-07-05 23:33:20.347713,20240705,Friday,7,2024
2024-07-06 23:33:20.347713,20240706,Saturday,7,2024
2024-07-07 23:33:20.347713,20240707,Sunday,7,2024
2024-07-08 23:33:20.347713,20240708,Monday,7,2024
2024-07-09 23:33:20.347713,20240709,Tuesday,7,2024
2024-07-10 23:33:20.347713,20240710,Wednesday,7,2024
2024-07-11 23:33:20.347713,20240711,Thursday,7,2024
2024-07-12 23:33:20.347713,20240712,Friday,7,2024
2024-07-13 23:33:20.347713,20240713,Saturday,7,2024
2024-07-14 23:33:20.347713,20240714,Sunday,7,2024
2024-07-15 23:33:20.347713,20240715,Monday,7,2024
2024-07-16 23:33:20.347713,20240716,Tuesday,7,2024
2024-07-17 23:33:20.347713,20240717,Wednesday,7,2024
2024-07-18 23:33:20.347713,20240718,Thursday,7,2024
2024-07-19 23:33:20.347713,20240719,Friday,7,2024
2024-07-20 23:33:20.347713,20240720,Saturday,7,2024
2024-07-21 23:33:20.347713,20240721,Sunday,7,2024
2024-07-22 23:33:20.347713,20240722,Monday,7,2024
2024-07-23 23:33:20.347713,20240723,Tuesday,7,2024
2024-07-24 23:33:20.347713,20240724,Wednesday,7,2024
2024-07-25 23:33:20.347713,20240725,Thursday,7,2024
2024-07-26 23:33:20.347713,20240726,Friday,7,2024
2024-07-27 23:33:20.347713,20240727,Saturday,7,2024
2024-07-28 23:33:20.347713,20240728,Sunday,7,2024
2024-07-29 23:33:20.347713,20240729,Monday,7,2024
2024-07-30 23:33:20.347713,20240730,Tuesday,7,2024
2024-07-31 23:33:20.347713,20240731,Wednesday,7,2024
2024-08-01 23:33:20.347713,20240801,Thursday,8,2024
2024-08-02 23:33:20.347713,20240802,Friday,8,2024
2024-08-03 23:33:20.347713,20240803,Saturday,8,2024
2024-08-04 23:33:20.347713,20240804,Sunday,8,2024
2024-08-05 23:33:20.347713,20240805,Monday,8,2024
2024-08-06 23:33:20.347713,20240806,Tuesday,8,2024
2024-08-07 23:33:20.347713,20240807,Wednesday,8,2024
2024-08-08 23:33:20.347713,20240808,Thursday,8,2024
2024-08-09 23:33:20.347713,20240809,Friday,8,2024
2024-08-10 23:33:20.347713,20240810,Saturday,8,2024
2024-08-11 23:33:20.347713,20240811,Sunday,8,2024
2024-08-12 23:33:20.347713,20240812,Monday,8,2024
2024-08-13 23:33:20.347713,20240813,Tuesday,8,2024
2024-08-14 23:33:20.347713,20240814,Wednesday,8,2024
2024-08-15 23:33:20.347713,20240815,Thursday,8,2024
2024-08-16 23:33:20.347713,20240816,Friday,8,2024
2024-08-17 23:33:20.347713,20240817,Saturday,8,2024
2024-08-18 23:33:20.347713,20240818,Sunday,8,2024
2024-08-19 23:33:20.347713,20240819,Monday,8,2024
2024-08-20 23:33:20.347713,20240820,Tuesday,8,2024
2024-08-21 23:33:20.347713,20240821,Wednesday,8,2024
2024-08-22 23:33:20.347713,20240822,Thursday,8,2024
2024-08-23 23:33:20.347713,20240823,Friday,8,2024
2024-08-24 23:33:20.347713,20240824,Saturday,8,2024
2024-08-25 23:33:20.347713,20240825,Sunday,8,2024
2024-08-26 23:33:20.347713,20240826,Monday,8,2024
2024-08-27 23:33:20.347713,20240827,Tuesday,8,2024
2024-08-28 23:33:20.347713,20240828,Wednesday,8,2024
2024-08-29 23:33:20.347713,20240829,Thursday,8,2024
2024-08-30 23:33:20.347713,20240830,Friday,8,2024
2024-08-31 23:33:20.347713,20240831,Saturday,8,2024
2024-09-01 23:33:20.347713,20240901,Sunday,9,2024
2024-09-02 23:33:20.347713,20240902,Monday,9,2024
2024-09-03 23:33:20.347713,20240903,Tuesday,9,2024
2024-09-04 23:33:20.347713,20240904,Wednesday,9,2024
2024-09-05 23:33:20.347713,20240905,Thursday,9,2024
2024-09-06 23:33:20.347713,20240906,Friday,9,2024
2024-09-07 23:33:20.347713,20240907,Saturday,9,2024
2024-09-08 23:33:20.347713,20240908,Sunday,9,2024
2024-09-09 23:33:20.347713,20240909,Monday,9,2024
2024-09-10 23:33:20.347713,20240910,Tuesday,9,2024
2024-09-11 23:33:20.347713,20240911,Wednesday,9,2024
2024-09-12 23:33:20.347713,20240912,Thursday,9,2024
2024-09-13 23:33:20.347713,20240913,Friday,9,2024
2024-09-14 23:33:20.347713,20240914,Saturday,9,2024
2024-09-15 23:33:20.347713,20240915,Sunday,9,2024
2024-09-16 23:33:20.347713,20240916,Monday,9,2024
2024-09-17 23:33:20.347713,20240917,Tuesday,9,2024
2024-09-18 23:33:20.347713,20240918,Wednesday,9,2024
2024-09-19 23:33:20.347713,20240919,Thursday,9,2024
2024-09-20 23:33:20.347713,20240920,Friday,9,2024
2024-09-21 23:33:20.347713,20240921,Saturday,9,2024
2024-09-22 23:33:20.347713,20240922,Sunday,9,2024
2024-09-23 23:33:20.347713,20240923,Monday,9,2024
2024-09-24 23:33:20.347713,20240924,Tuesday,9,2024
2024-09-25 23:33:20.347713,20240925,Wednesday,9,2024
2024-09-26 23:33:20.347713,20240926,Thursday,9,2024
2024-09-27 23:33:20.347713,20240927,Friday,9,2024
2024-09-28 23:33:20.347713,20240928,Saturday,9,2024
2024-09-29 23:33:20.347713,20240929,Sunday,9,2024
2024-09-30 23:33:20.347713,20240930,Monday,9,2024
2024-10-01 23:33:20.347713,20241001,Tuesday,10,2024
2024-10-02 23:33:20.347713,20241002,Wednesday,10,2024
2024-10-03 23:33:20.347713,20241003,Thursday,10,2024
2024-10-04 23:33:20.347713,20241004,Friday,10,2024
2024-10-05 23:33:20.347713,20241005,Saturday,10,2024
2024-10-06 23:33:20.347713,20241006,Sunday,10,2024
2024-10-07 23:33:20.347713,20241007,Monday,10,2024
2024-10-08 23:33:20.347713,20241008,Tuesday,10,2024
2024-10-09 23:33:20.347713,20241009,Wednesday,10,2024
2024-10-10 23:33:20.347713,20241010,Thursday,10,2024
2024-10-11 23:33:20.347713,20241011,Friday,10,2024
2024-10-12 23:33:20.347713,20241012,Saturday,10,2024
2024-10-13 23:33:20.347713,20241013,Sunday,10,2024
2024-10-14 23:33:20.347713,20241014,Monday,10,2024
2024-10-15 23:33:20.347713,20241015,Tuesday,10,2024
2024-10-16 23:33:20.347713,20241016,Wednesday,10,2024
2024-10-17 23:33:20.347713,20241017,Thursday,10,2024
2024-10-18 23:33:20.347713,20241018,Friday,10,2024
2024-10-19 23:33:20.347713,20241019,Saturday,10,2024
2024-10-20 23:33:20.347713,20241020,Sunday,10,2024
2024-10-21 23:33:20.347713,20241021,Monday,10,2024
2024-10-22 23:33:20.347713,20241022,Tuesday,10,2024
2024-10-23 23:33:20.347713,20241023,Wednesday,10,2024
2024-10-24 23:33:20.347713,20241024,Thursday,10,2024
2024-10-25 23:33:20.347713,20241025,Friday,10,2024
2024-10-26 23:33:20.347713,20241026,Saturday,10,2024
2024-10-27 23:33:20.347713,20241027,Sunday,10,2024
2024-10-28 23:33:20.347713,20241028,Monday,10,2024
2024-10-29 23:33:20.347713,20241029,Tuesday,10,2024
2024-10-30 23:33:20.347713,20241030,Wednesday,10,2024
2024-10-31 23:33:20.347713,20241031,Thursday,10,2024
2024-11-01 23:33:20.347713,20241101,Friday,11,2024
2024-11-02 23:33:20.347713,20241102,Saturday,11,2024
2024-11-03 23:33:20.347713,20241103,Sunday,11,2024
2024-11-04 23:33:20.347713,20241104,Monday,11,2024
2024-11-05 23:33:20.347713,20241105,Tuesday,11,2024
2024-11-06 23:33:20.347713,20241106,Wednesday,11,2024
2024-11-07 23:33:20.347713,20241107,Thursday,11,2024
2024-11-08 23:33:20.347713,20241108,Friday,11,2024
2024-11-09 23:33:20.347713,20241109,Saturday,11,2024
2024-11-10 23:33:20.347713,20241110,Sunday,11,2024
2024-11-11 23:33:20.347713,20241111,Monday,11,2024
2024-11-12 23:33:20.347713,20241112,Tuesday,11,2024
2024-11-13 23:33:20.347713,20241113,Wednesday,11,2024
2024-11-14 23:33:20.347713,20241114,Thursday,11,2024
2024-11-15 23:33:20.347713,20241115,Friday,11,2024
2024-11-16 23:33:20.347713,20241116,Saturday,11,2024
2024-11-17 23:33:20.347713,20241117,Sunday,11,2024
2024-11-18 23:33:20.347713,20241118,Monday,11,2024
2024-11-19 23:33:20.347713,20241119,Tuesday,11,2024
2024-11-20 23:33:20.347713,20241120,Wednesday,11,2024
2024-11-21 23:33:20.347713,20241121,Thursday,11,2024
2024-11-22 23:33:20.347713,20241122,Friday,11,2024
2024-11-23 23:33:20.347713,20241123,Saturday,11,2024
2024-11-24 23:33:20.347713,20241124,Sunday,11,2024
2024-11-25 23:33:20.347713,20241125,Monday,11,2024
2024-11-26 23:33:20.347713,20241126,Tuesday,11,2024
2024-11-27 23:33:20.347713,20241127,Wednesday,11,2024
2024-11-28 23:33:20.347713,20241128,Thursday,11,2024
2024-11-29 23:33:20.347713,20241129,Friday,11,2024
2024-11-30 23:33:20.347713,20241130,Saturday,11,2024
2024-12-01 23:33:20.347713,20241201,Sunday,12,2024
2024-12-02 23:33:20.347713,20241202,Monday,12,2024
2024-12-03 23:33:20.347713,20241203,Tuesday,12,2024
2024-12-04 23:33:20.347713,20241204,Wednesday,12,2024
2024-12-05 23:33:20.347713,20241205,Thursday,12,2024
2024-12-06 23:33:20.347713,20241206,Friday,12,2024
2024-12-07 23:33:20.347713,20241207,Saturday,12,2024
2024-12-08 23:33:20.347713,20241208,Sunday,12,2024
2024-12-09 23:33:20.347713,20241209,Monday,12,2024
2024-12-10 23:33:20.347713,20241210,Tuesday,12,2024
2024-12-11 23:33:20.347713,20241211,Wednesday,12,2024
2024-12-12 23:33:20.347713,20241212,Thursday,12,2024
2024-12-13 23:33:20.347713,20241213,Friday,12,2024
2024-12-14 23:33:20.347713,20241214,Saturday,12,2024
2024-12-15 23:33:20.347713,20241215,Sunday,12,2024
2024-12-16 23:33:20.347713,20241216,Monday,12,2024
2024-12-17 23:33:20.347713,20241217,Tuesday,12,2024
2024-12-18 23:33:20.347713,20241218,Wednesday,12,2024
2024-12-19 23:33:20.347713,20241219,Thursday,12,2024
2024-12-20 23:33:20.347713,20241220,Friday,12,2024
2024-12-21 23:33:20.347713,20241221,Saturday,12,2024
2024-12-22 23:33:20.347713,20241222,Sunday,12,2024
2024-12-23 23:33:20.347713,20241223,Monday,12,2024
2024-12-24 23:33:20.347713,20241224,Tuesday,12,2024
2024-12-25 23:33:20.347713,20241225,Wednesday,12,2024
2024-12-26 23:33:20.347713,20241226,Thursday,12,2024
2024-12-27 23:33:20.347713,20241227,Friday,12,2024
2024-12-28 23:33:20.347713,20241228,Saturday,12,2024
2024-12-29 23:33:20.347713,20241229,Sunday,12,2024
2024-12-30 23:33:20.347713,20241230,Monday,12,2024
2024-12-31 23:33:20.347713,20241231,Tuesday,12,2024
2025-01-01 23:33:20.347713,20250101,Wednesday,1,2025
2025-01-02 23:33:20.347713,20250102,Thursday,1,2025
2025-01-03 23:33:20.347713,20250103,Friday,1,2025
2025-01-04 23:33:20.347713,20250104,Saturday,1,2025
2025-01-05 23:33:20.347713,20250105,Sunday,1,2025
2025-01-06 23:33:20.347713,20250106,Monday,1,2025
2025-01-07 23:33:20.347713,20250107,Tuesday,1,2025
2025-01-08 23:33:20.347713,20250108,Wednesday,1,2025
2025-01-09 23:33:20.347713,20250109,Thursday,1,2025
2025-01-10 23:33:20.347713,20250110,Friday,1,2025
2025-01-11 23:33:20.347713,20250111,Saturday,1,2025
2025-01-12 23:33:20.347713,20250112,Sunday,1,2025
2025-01-13 23:33:20.347713,20250113,Monday,1,2025
2025-01-14 23:33:20.347713,20250114,Tuesday,1,2025
2025-01-15 23:33:20.347713,20250115,Wednesday,1,2025
2025-01-16 23:33:20.347713,20250116,Thursday,1,2025
2025-01-17 23:33:20.347713,20250117,Friday,1,2025
2025-01-18 23:33:20.347713,20250118,Saturday,1,2025
2025-01-19 23:33:20.347713,20250119,Sunday,1,2025
2025-01-20 23:33:20.347713,20250120,Monday,1,2025
2025-01-21 23:33:20.347713,20250121,Tuesday,1,2025
2025-01-22 23:33:20.347713,20250122,Wednesday,1,2025
2025-01-23 23:33:20.347713,20250123,Thursday,1,2025
2025-01-24 23:33:20.347713,20250124,Friday,1,2025
2025-01-25 23:33:20.347713,20250125,Saturday,1,2025
2025-01-26 23:33:20.347713,20250126,Sunday,1,2025
2025-01-27 23:33:20.347713,20250127,Monday,1,2025
2025-01-28 23:33:20.347713,20250128,Tuesday,1,2025
2025-01-29 23:33:20.347713,20250129,Wednesday,1,2025
2025-01-30 23:33:20.347713,20250130,Thursday,1,2025
2025-01-31 23:33:20.347713,20250131,Friday,1,2025
2025-02-01 23:33:20.347713,20250201,Saturday,2,2025
2025-02-02 23:33:20.347713,20250202,Sunday,2,2025
2025-02-03 23:33:20.347713,20250203,Monday,2,2025
2025-02-04 23:33:20.347713,20250204,Tuesday,2,2025
2025-02-05 23:33:20.347713,20250205,Wednesday,2,2025
2025-02-06 23:33:20.347713,20250206,Thursday,2,2025
2025-02-07 23:33:20.347713,20250207,Friday,2,2025
2025-02-08 23:33:20.347713,20250208,Saturday,2,2025
2025-02-09 23:33:20.347713,20250209,Sunday,2,2025
2025-02-10 23:33:20.347713,20250210,Monday,2,2025
2025-02-11 23:33:20.347713,20250211,Tuesday,2,2025
2025-02-12 23:33:20.347713,20250212,Wednesday,2,2025
2025-02-13 23:33:20.347713,20250213,Thursday,2,2025
2025-02-14 23:33:20.347713,20250214,Friday,2,2025
2025-02-15 23:33:20.347713,20250215,Saturday,2,2025
2025-02-16 23:33:20.347713,20250216,Sunday,2,2025
2025-02-17 23:33:20.347713,20250217,Monday,2,2025
2025-02-18 23:33:20.347713,20250218,Tuesday,2,2025
2025-02-19 23:33:20.347713,20250219,Wednesday,2,2025
2025-02-20 23:33:20.347713,20250220,Thursday,2,2025
2025-02-21 23:33:20.347713,20250221,Friday,2,2025
2025-02-22 23:33:20.347713,20250222,Saturday,2,2025
2025-02-23 23:33:20.347713,20250223,Sunday,2,2025
2025-02-24 23:33:20.347713,20250224,Monday,2,2025
2025-02-25 23:33:20.347713,20250225,Tuesday,2,2025
2025-02-26 23:33:20.347713,20250226,Wednesday,2,2025
2025-02-27 23:33:20.347713,20250227,Thursday,2,2025
2025-02-28 23:33:20.347713,20250228,Friday,2,2025
2025-03-01 23:33:20.347713,20250301,Saturday,3,2025
2025-03-02 23:33:20.347713,20250302,Sunday,3,2025
2025-03-03 23:33:20.347713,20250303,Monday,3,2025
2025-03-04 23:33:20.347713,20250304,Tuesday,3,2025
2025-03-05 23:33:20.347713,20250305,Wednesday,3,2025
2025-03-06 23:33:20.347713,20250306,Thursday,3,2025
2025-03-07 23:33:20.347713,20250307,Friday,3,2025
2025-03-08 23:33:20.347713,20250308,Saturday,3,2025
2025-03-09 23:33:20.347713,20250309,Sunday,3,2025
2025-03-10 23:33:20.347713,20250310,Monday,3,2025
2025-03-11 23:33:20.347713,20250311,Tuesday,3,2025
2025-03-12 23:33:20.347713,20250312,Wednesday,3,2025
2025-03-13 23:33:20.347713,20250313,Thursday,3,2025
2025-03-14 23:33:20.347713,20250314,Friday,3,2025
2025-03-15 23:33:20.347713,20250315,Saturday,3,2025
2025-03-16 23:33:20.347713,20250316,Sunday,3,2025
2025-03-17 23:33:20.347713,20250317,Monday,3,2025
2025-03-18 23:33:20.347713,20250318,Tuesday,3,2025
2025-03-19 23:33:20.347713,20250319,Wednesday,3,2025
2025-03-20 23:33:20.347713,20250320,Thursday,3,2025
2025-03-21 23:33:20.347713,20250321,Friday,3,2025
2025-03-22 23:33:20.347713,20250322,Saturday,3,2025
2025-03-23 23:33:20.347713,20250323,Sunday,3,2025
2025-03-24 23:33:20.347713,20250324,Monday,3,2025
2025-03-25 23:33:20.347713,20250325,Tuesday,3,2025
2025-03-26 23:33:20.347713,20250326,Wednesday,3,2025
2025-03-27 23:33:20.347713,20250327,Thursday,3,2025
2025-03-28 23:33:20.347713,20250328,Friday,3,2025
2025-03-29 23:33:20.347713,20250329,Saturday,3,2025
2025-03-30 23:33:20.347713,20250330,Sunday,3,2025
2025-03-31 23:33:20.347713,20250331,Monday,3,2025
2025-04-01 23:33:20.347713,20250401,Tuesday,4,2025
2025-04-02 23:33:20.347713,20250402,Wednesday,4,2025
2025-04-03 23:33:20.347713,20250403,Thursday,4,2025
2025-04-04 23:33:20.347713,20250404,Friday,4,2025
2025-04-05 23:33:20.347713,20250405,Saturday,4,2025
2025-04-06 23:33:20.347713,20250406,Sunday,4,2025
2025-04-07 23:33:20.347713,20250407,Monday,4,2025
2025-04-08 23:33:20.347713,20250408,Tuesday,4,2025
2025-04-09 23:33:20.347713,20250409,Wednesday,4,2025
2025-04-10 23:33:20.347713,20250410,Thursday,4,2025
2025-04-11 23:33:20.347713,20250411,Friday,4,2025
2025-04-12 23:33:20.347713,20250412,Saturday,4,2025
2025-04-13 23:33:20.347713,20250413,Sunday,4,2025
2025-04-14 23:33:20.347713,20250414,Monday,4,2025
2025-04-15 23:33:20.347713,20250415,Tuesday,4,2025
2025-04-16 23:33:20.347713,20250416,Wednesday,4,2025
2025-04-17 23:33:20.347713,20250417,Thursday,4,2025
2025-04-18 23:33:20.347713,20250418,Friday,4,2025
2025-04-19 23:33:20.347713,20250419,Saturday,4,2025
2025-04-20 23:33:20.347713,20250420,Sunday,4,2025
2025-04-21 23:33:20.347713,20250421,Monday,4,2025
2025-04-22 23:33:20.347713,20250422,Tuesday,4,2025
2025-04-23 23:33:20.347713,20250423,Wednesday,4,2025
2025-04-24 23:33:20.347713,20250424,Thursday,4,2025
2025-04-25 23:33:20.347713,20250425,Friday,4,2025
2025-04-26 23:33:20.347713,20250426,Saturday,4,2025
2025-04-27 23:33:20.347713,20250427,Sunday,4,2025
2025-04-28 23:33:20.347713,20250428,Monday,4,2025
2025-04-29 23:33:20.347713,20250429,Tuesday,4,2025
2025-04-30 23:33:20.347713,20250430,Wednesday,4,2025
2025-05-01 23:33:20.347713,20250501,Thursday,5,2025
2025-05-02 23:33:20.347713,20250502,Friday,5,2025
2025-05-03 23:33:20.347713,20250503,Saturday,5,2025
2025-05-04 23:33:20.347713,20250504,Sunday,5,2025
2025-05-05 23:33:20.347713,20250505,Monday,5,2025
2025-05-06 23:33:20.347713,20250506,Tuesday,5,2025
2025-05-07 23:33:20.347713,20250507,Wednesday,5,2025
2025-05-08 23:33:20.347713,20250508,Thursday,5,2025
2025-05-09 23:33:20.347713,20250509,Friday,5,2025
2025-05-10 23:33:20.347713,20250510,Saturday,5,2025
2025-05-11 23:33:20.347713,20250511,Sunday,5,2025
2025-05-12 23:33:20.347713,20250512,Monday,5,2025
2025-05-13 23:33:20.347713,20250513,Tuesday,5,2025
2025-05-14 23:33:20.347713,20250514,Wednesday,5,2025
2025-05-15 23:33:20.347713,20250515,Thursday,5,2025
2025-05-16 23:33:20.347713,20250516,Friday,5,2025
2025-05-17 23:33:20.347713,20250517,Saturday,5,2025
2025-05-18 23:33:20.347713,20250518,Sunday,5,2025
2025-05-19 23:33:20.347713,20250519,Monday,5,2025
2025-05-20 23:33:20.347713,20250520,Tuesday,5,2025
2025-05-21 23:33:20.347713,20250521,Wednesday,5,2025
2025-05-22 23:33:20.347713,20250522,Thursday,5,2025
2025-05-23 23:33:20.347713,20250523,Friday,5,2025
2025-05-24 23:33:20.347713,20250524,Saturday,5,2025
2025-05-25 23:33:20.347713,20250525,Sunday,5,2025
2025-05-26 23:33:20.347713,20250526,Monday,5,2025
2025-05-27 23:33:20.347713,20250527,Tuesday,5,2025
2025-05-28 23:33:20.347713,20250528,Wednesday,5,2025
2025-05-29 23:33:20.347713,20250529,Thursday,5,2025
2025-05-30 23:33:20.347713,20250530,Friday,5,2025
2025-05-31 23:33:20.347713,20250531,Saturday,5,2025
2025-06-01 23:33:20.347713,20250601,Sunday,6,2025
2025-06-02 23:33:20.347713,20250602,Monday,6,2025
2025-06-03 23:33:20.347713,20250603,Tuesday,6,2025
2025-06-04 23:33:20.347713,20250604,Wednesday,6,2025
2025-06-05 23:33:20.347713,20250605,Thursday,6,2025
2025-06-06 23:33:20.347713,20250606,Friday,6,2025
2025-06-07 23:33:20.347713,20250607,Saturday,6,2025
2025-06-08 23:33:20.347713,20250608,Sunday,6,2025
2025-06-09 23:33:20.347713,20250609,Monday,6,2025
2025-06-10 23:33:20.347713,20250610,Tuesday,6,2025
2025-06-11 23:33:20.347713,20250611,Wednesday,6,2025
2025-06-12 23:33:20.347713,20250612,Thursday,6,2025
2025-06-13 23:33:20.347713,20250613,Friday,6,2025
2025-06-14 23:33:20.347713,20250614,Saturday,6,2025
2025-06-15 23:33:20.347713,20250615,Sunday,6,2025
2025-06-16 23:33:20.347713,20250616,Monday,6,2025
2025-06-17 23:33:20.347713,20250617,Tuesday,6,2025
2025-06-18 23:33:20.347713,20250618,Wednesday,6,2025
2025-06-19 23:33:20.347713,20250619,Thursday,6,2025
2025-06-20 23:33:20.347713,20250620,Friday,6,2025
2025-06-21 23:33:20.347713,20250621,Saturday,6,2025
2025-06-22 23:33:20.347713,20250622,Sunday,6,2025
2025-06-23 23:33:20.347713,20250623,Monday,6,2025
2025-06-24 23:33:20.347713,20250624,Tuesday,6,2025
2025-06-25 23:33:20.347713,20250625,Wednesday,6,2025
2025-06-26 23:33:20.347713,20250626,Thursday,6,2025
2025-06-27 23:33:20.347713,20250627,Friday,6,2025
2025-06-28 23:33:20.347713,20250628,Saturday,6,2025
2025-06-29 23:33:20.347713,20250629,Sunday,6,2025
2025-06-30 23:33:20.347713,20250630,Monday,6,2025
2025-07-01 23:33:20.347713,20250701,Tuesday,7,2025
2025-07-02 23:33:20.347713,20250702,Wednesday,7,2025
2025-07-03 23:33:20.347713,20250703,Thursday,7,2025
2025-07-04 23:33:20.347713,20250704,Friday,7,2025
2025-07-05 23:33:20.347713,20250705,Saturday,7,2025
2025-07-06 23:33:20.347713,20250706,Sunday,7,2025
2025-07-07 23:33:20.347713,20250707,Monday,7,2025
2025-07-08 23:33:20.347713,20250708,Tuesday,7,2025
2025-07-09 23:33:20.347713,20250709,Wednesday,7,2025
2025-07-10 23:33:20.347713,20250710,Thursday,7,2025
2025-07-11 23:33:20.347713,20250711,Friday,7,2025
2025-07-12 23:33:20.347713,20250712,Saturday,7,2025
2025-07-13 23:33:20.347713,20250713,Sunday,7,2025
2025-07-14 23:33:20.347713,20250714,Monday,7,2025
2025-07-15 23:33:20.347713,20250715,Tuesday,7,2025
2025-07-16 23:33:20.347713,20250716,Wednesday,7,2025
2025-07-17 23:33:20.347713,20250717,Thursday,7,2025
2025-07-18 23:33:20.347713,20250718,Friday,7,2025
2025-07-19 23:33:20.347713,20250719,Saturday,7,2025
2025-07-20 23:33:20.347713,20250720,Sunday,7,2025
2025-07-21 23:33:20.347713,20250721,Monday,7,2025
2025-07-22 23:33:20.347713,20250722,Tuesday,7,2025
2025-07-23 23:33:20.347713,20250723,Wednesday,7,2025
2025-07-24 23:33:20.347713,20250724,Thursday,7,2025
2025-07-25 23:33:20.347713,20250725,Friday,7,2025
2025-07-26 23:33:20.347713,20250726,Saturday,7,2025
2025-07-27 23:33:20.347713,20250727,Sunday,7,2025
2025-07-28 23:33:20.347713,20250728,Monday,7,2025
2025-07-29 23:33:20.347713,20250729,Tuesday,7,2025
2025-07-30 23:33:20.347713,20250730,Wednesday,7,2025
2025-07-31 23:33:20.347713,20250731,Thursday,7,2025
2025-08-01 23:33:20.347713,20250801,Friday,8,2025
2025-08-02 23:33:20.347713,20250802,Saturday,8,2025
2025-08-03 23:33:20.347713,20250803,Sunday,8,2025
2025-08-04 23:33:20.347713,20250804,Monday,8,2025
2025-08-05 23:33:20.347713,20250805,Tuesday,8,2025
2025-08-06 23:33:20.347713,20250806,Wednesday,8,2025
2025-08-07 23:33:20.347713,20250807,Thursday,8,2025
2025-08-08 23:33:20.347713,20250808,Friday,8,2025
2025-08-09 23:33:20.347713,20250809,Saturday,8,2025
2025-08-10 23:33:20.347713,20250810,Sunday,8,2025
2025-08-11 23:33:20.347713,20250811,Monday,8,2025
2025-08-12 23:33:20.347713,20250812,Tuesday,8,2025
2025-08-13 23:33:20.347713,20250813,Wednesday,8,2025
2025-08-14 23:33:20.347713,20250814,Thursday,8,2025
2025-08-15 23:33:20.347713,20250815,Friday,8,2025
2025-08-16 23:33:20.347713,20250816,Saturday,8,2025
2025-08-17 23:33:20.347713,20250817,Sunday,8,2025
2025-08-18 23:33:20.347713,20250818,Monday,8,2025
2025-08-19 23:33:20.347713,20250819,Tuesday,8,2025
2025-08-20 23:33:20.347713,20250820,Wednesday,8,2025
2025-08-21 23:33:20.347713,20250821,Thursday,8,2025
2025-08-22 23:33:20.347713,20250822,Friday,8,2025
2025-08-23 23:33:20.347713,20250823,Saturday,8,2025
2025-08-24 23:33:20.347713,20250824,Sunday,8,2025
2025-08-25 23:33:20.347713,20250825,Monday,8,2025
2025-08-26 23:33:20.347713,20250826,Tuesday,8,2025
2025-08-27 23:33:20.347713,20250827,Wednesday,8,2025
2025-08-28 23:33:20.347713,20250828,Thursday,8,2025
2025-08-29 23:33:20.347713,20250829,Friday,8,2025
2025-08-30 23:33:20.347713,20250830,Saturday,8,2025
2025-08-31 23:33:20.347713,20250831,Sunday,8,2025
2025-09-01 23:33:20.347713,20250901,Monday,9,2025
2025-09-02 23:33:20.347713,20250902,Tuesday,9,2025
2025-09-03 23:33:20.347713,20250903,Wednesday,9,2025
2025-09-04 23:33:20.347713,20250904,Thursday,9,2025
2025-09-05 23:33:20.347713,20250905,Friday,9,2025
2025-09-06 23:33:20.347713,20250906,Saturday,9,2025
2025-09-07 23:33:20.347713,20250907,Sunday,9,2025
2025-09-08 23:33:20.347713,20250908,Monday,9,2025
2025-09-09 23:33:20.347713,20250909,Tuesday,9,2025
2025-09-10 23:33:20.347713,20250910,Wednesday,9,2025
2025-09-11 23:33:20.347713,20250911,Thursday,9,2025
2025-09-12 23:33:20.347713,20250912,Friday,9,2025
2025-09-13 23:33:20.347713,20250913,Saturday,9,2025
2025-09-14 23:33:20.347713,20250914,Sunday,9,2025
2025-09-15 23:33:20.347713,20250915,Monday,9,2025
2025-09-16 23:33:20.347713,20250916,Tuesday,9,2025
2025-09-17 23:33:20.347713,20250917,Wednesday,9,2025
2025-09-18 23:33:20.347713,20250918,Thursday,9,2025
2025-09-19 23:33:20.347713,20250919,Friday,9,2025
2025-09-20 23:33:20.347713,20250920,Saturday,9,2025
2025-09-21 23:33:20.347713,20250921,Sunday,9,2025
2025-09-22 23:33:20.347713,20250922,Monday,9,2025
2025-09-23 23:33:20.347713,20250923,Tuesday,9,2025
2025-09-24 23:33:20.347713,20250924,Wednesday,9,2025
2025-09-25 23:33:20.347713,20250925,Thursday,9,2025
2025-09-26 23:33:20.347713,20250926,Friday,9,2025
2025-09-27 23:33:20.347713,20250927,Saturday,9,2025
2025-09-28 23:33:20.347713,20250928,Sunday,9,2025
2025-09-29 23:33:20.347713,20250929,Monday,9,2025
2025-09-30 23:33:20.347713,20250930,Tuesday,9,2025
2025-10-01 23:33:20.347713,20251001,Wednesday,10,2025
2025-10-02 23:33:20.347713,20251002,Thursday,10,2025
2025-10-03 23:33:20.347713,20251003,Friday,10,2025
2025-10-04 23:33:20.347713,20251004,Saturday,10,2025
2025-10-05 23:33:20.347713,20251005,Sunday,10,2025
2025-10-06 23:33:20.347713,20251006,Monday,10,2025
2025-10-07 23:33:20.347713,20251007,Tuesday,10,2025
2025-10-08 23:33:20.347713,20251008,Wednesday,10,2025
2025-10-09 23:33:20.347713,20251009,Thursday,10,2025
2025-10-10 23:33:20.347713,20251010,Friday,10,2025
2025-10-11 23:33:20.347713,20251011,Saturday,10,2025
2025-10-12 23:33:20.347713,20251012,Sunday,10,2025
2025-10-13 23:33:20.347713,20251013,Monday,10,2025
2025-10-14 23:33:20.347713,20251014,Tuesday,10,2025
2025-10-15 23:33:20.347713,20251015,Wednesday,10,2025
2025-10-16 23:33:20.347713,20251016,Thursday,10,2025
2025-10-17 23:33:20.347713,20251017,Friday,10,2025
2025-10-18 23:33:20.347713,20251018,Saturday,10,2025
2025-10-19 23:33:20.347713,20251019,Sunday,10,2025
2025-10-20 23:33:20.347713,20251020,Monday,10,2025
2025-10-21 23:33:20.347713,20251021,Tuesday,10,2025
2025-10-22 23:33:20.347713,20251022,Wednesday,10,2025
2025-10-23 23:33:20.347713,20251023,Thursday,10,2025
2025-10-24 23:33:20.347713,20251024,Friday,10,2025
2025-10-25 23:33:20.347713,20251025,Saturday,10,2025
2025-10-26 23:33:20.347713,20251026,Sunday,10,2025
2025-10-27 23:33:20.347713,20251027,Monday,10,2025
2025-10-28 23:33:20.347713,20251028,Tuesday,10,2025
2025-10-29 23:33:20.347713,20251029,Wednesday,10,2025
2025-10-30 23:33:20.347713,20251030,Thursday,10,2025
2025-10-31 23:33:20.347713,20251031,Friday,10,2025
2025-11-01 23:33:20.347713,20251101,Saturday,11,2025
2025-11-02 23:33:20.347713,20251102,Sunday,11,2025
2025-11-03 23:33:20.347713,20251103,Monday,11,2025
2025-11-04 23:33:20.347713,20251104,Tuesday,11,2025
2025-11-05 23:33:20.347713,20251105,Wednesday,11,2025
2025-11-06 23:33:20.347713,20251106,Thursday,11,2025
2025-11-07 23:33:20.347713,20251107,Friday,11,2025
2025-11-08 23:33:20.347713,20251108,Saturday,11,2025
2025-11-09 23:33:20.347713,20251109,Sunday,11,2025
2025-11-10 23:33:20.347713,20251110,Monday,11,2025
2025-11-11 23:33:20.347713,20251111,Tuesday,11,2025
2025-11-12 23:33:20.347713,20251112,Wednesday,11,2025
2025-11-13 23:33:20.347713,20251113,Thursday,11,2025
2025-11-14 23:33:20.347713,20251114,Friday,11,2025
2025-11-15 23:33:20.347713,20251115,Saturday,11,2025
2025-11-16 23:33:20.347713,20251116,Sunday,11,2025
2025-11-17 23:33:20.347713,20251117,Monday,11,2025
2025-11-18 23:33:20.347713,20251118,Tuesday,11,2025
2025-11-19 23:33:20.347713,20251119,Wednesday,11,2025
2025-11-20 23:33:20.347713,20251120,Thursday,11,2025
2025-11-21 23:33:20.347713,20251121,Friday,11,2025
2025-11-22 23:33:20.347713,20251122,Saturday,11,2025
2025-11-23 23:33:20.347713,20251123,Sunday,11,2025
2025-11-24 23:33:20.347713,20251124,Monday,11,2025
2025-11-25 23:33:20.347713,20251125,Tuesday,11,2025
2025-11-26 23:33:20.347713,20251126,Wednesday,11,2025
2025-11-27 23:33:20.347713,20251127,Thursday,11,2025
2025-11-28 23:33:20.347713,20251128,Friday,11,2025
2025-11-29 23:33:20.347713,20251129,Saturday,11,2025
2025-11-30 23:33:20.347713,20251130,Sunday,11,2025
2025-12-01 23:33:20.347713,20251201,Monday,12,2025
2025-12-02 23:33:20.347713,20251202,Tuesday,12,2025
2025-12-03 23:33:20.347713,20251203,Wednesday,12,2025
2025-12-04 23:33:20.347713,20251204,Thursday,12,2025
2025-12-05 23:33:20.347713,20251205,Friday,12,2025
2025-12-06 23:33:20.347713,20251206,Saturday,12,2025
2025-12-07 23:33:20.347713,20251207,Sunday,12,2025
2025-12-08 23:33:20.347713,20251208,Monday,12,2025
2025-12-09 23:33:20.347713,20251209,Tuesday,12,2025
2025-12-10 23:33:20.347713,20251210,Wednesday,12,2025
2025-12-11 23:33:20.347713,20251211,Thursday,12,2025
2025-12-12 23:33:20.347713,20251212,Friday,12,2025
2025-12-13 23:33:20.347713,20251213,Saturday,12,2025
2025-12-14 23:33:20.347713,20251214,Sunday,12,2025
2025-12-15 23:33:20.347713,20251215,Monday,12,2025
2025-12-16 23:33:20.347713,20251216,Tuesday,12,2025
2025-12-17 23:33:20.347713,20251217,Wednesday,12,2025
2025-12-18 23:33:20.347713,20251218,Thursday,12,2025
2025-12-19 23:33:20.347713,20251219,Friday,12,2025
2025-12-20 23:33:20.347713,20251220,Saturday,12,2025
2025-12-21 23:33:20.347713,20251221,Sunday,12,2025
2025-12-22 23:33:20.347713,20251222,Monday,12,2025
2025-12-23 23:33:20.347713,20251223,Tuesday,12,2025
2025-12-24 23:33:20.347713,20251224,Wednesday,12,2025
2025-12-25 23:33:20.347713,20251225,Thursday,12,2025
2025-12-26 23:33:20.347713,20251226,Friday,12,2025
2025-12-27 23:33:20.347713,20251227,Saturday,12,2025
2025-12-28 23:33:20.347713,20251228,Sunday,12,2025
2025-12-29 23:33:20.347713,20251229,Monday,12,2025
2025-12-30 23:33:20.347713,20251230,Tuesday,12,2025
2025-12-31 23:33:20.347713,20251231,Wednesday,12,2025
2026-01-01 23:33:20.347713,20260101,Thursday,1,2026
2026-01-02 23:33:20.347713,20260102,Friday,1,2026
2026-01-03 23:33:20.347713,20260103,Saturday,1,2026
2026-01-04 23:33:20.347713,20260104,Sunday,1,2026
2026-01-05 23:33:20.347713,20260105,Monday,1,2026
2026-01-06 23:33:20.347713,20260106,Tuesday,1,2026
2026-01-07 23:33:20.347713,20260107,Wednesday,1,2026
2026-01-08 23:33:20.347713,20260108,Thursday,1,2026
2026-01-09 23:33:20.347713,20260109,Friday,1,2026
2026-01-10 23:33:20.347713,20260110,Saturday,1,2026
2026-01-11 23:33:20.347713,20260111,Sunday,1,2026
2026-01-12 23:33:20.347713,20260112,Monday,1,2026
2026-01-13 23:33:20.347713,20260113,Tuesday,1,2026
2026-01-14 23:33:20.347713,20260114,Wednesday,1,2026
2026-01-15 23:33:20.347713,20260115,Thursday,1,2026
2026-01-16 23:33:20.347713,20260116,Friday,1,2026
2026-01-17 23:33:20.347713,20260117,Saturday,1,2026
2026-01-18 23:33:20.347713,20260118,Sunday,1,2026
2026-01-19 23:33:20.347713,20260119,Monday,1,2026
2026-01-20 23:33:20.347713,20260120,Tuesday,1,2026
2026-01-21 23:33:20.347713,20260121,Wednesday,1,2026
2026-01-22 23:33:20.347713,20260122,Thursday,1,2026
2026-01-23 23:33:20.347713,20260123,Friday,1,2026
2026-01-24 23:33:20.347713,20260124,Saturday,1,2026
2026-01-25 23:33:20.347713,20260125,Sunday,1,2026
2026-01-26 23:33:20.347713,20260126,Monday,1,2026
2026-01-27 23:33:20.347713,20260127,Tuesday,1,2026
2026-01-28 23:33:20.347713,20260128,Wednesday,1,2026
2026-01-29 23:33:20.347713,20260129,Thursday,1,2026
2026-01-30 23:33:20.347713,20260130,Friday,1,2026
2026-01-31 23:33:20.347713,20260131,Saturday,1,2026
2026-02-01 23:33:20.347713,20260201,Sunday,2,2026
2026-02-02 23:33:20.347713,20260202,Monday,2,2026
2026-02-03 23:33:20.347713,20260203,Tuesday,2,2026
2026-02-04 23:33:20.347713,20260204,Wednesday,2,2026
2026-02-05 23:33:20.347713,20260205,Thursday,2,2026
2026-02-06 23:33:20.347713,20260206,Friday,2,2026
2026-02-07 23:33:20.347713,20260207,Saturday,2,2026
2026-02-08 23:33:20.347713,20260208,Sunday,2,2026
2026-02-09 23:33:20.347713,20260209,Monday,2,2026
2026-02-10 23:33:20.347713,20260210,Tuesday,2,2026
2026-02-11 23:33:20.347713,20260211,Wednesday,2,2026
2026-02-12 23:33:20.347713,20260212,Thursday,2,2026
2026-02-13 23:33:20.347713,20260213,Friday,2,2026
2026-02-14 23:33:20.347713,20260214,Saturday,2,2026
2026-02-15 23:33:20.347713,20260215,Sunday,2,2026
2026-02-16 23:33:20.347713,20260216,Monday,2,2026
2026-02-17 23:33:20.347713,20260217,Tuesday,2,2026
2026-02-18 23:33:20.347713,20260218,Wednesday,2,2026
2026-02-19 23:33:20.347713,20260219,Thursday,2,2026
2026-02-20 23:33:20.347713,20260220,Friday,2,2026
2026-02-21 23:33:20.347713,20260221,Saturday,2,2026
2026-02-22 23:33:20.347713,20260222,Sunday,2,2026
2026-02-23 23:33:20.347713,20260223,Monday,2,2026
2026-02-24 23:33:20.347713,20260224,Tuesday,2,2026
2026-02-25 23:33:20.347713,20260225,Wednesday,2,2026
2026-02-26 23:33:20.347713,20260226,Thursday,2,2026
2026-02-27 23:33:20.347713,20260227,Friday,2,2026
2026-02-28 23:33:20.347713,20260228,Saturday,2,2026
2026-03-01 23:33:20.347713,20260301,Sunday,3,2026
2026-03-02 23:33:20.347713,20260302,Monday,3,2026
2026-03-03 23:33:20.347713,20260303,Tuesday,3,2026
2026-03-04 23:33:20.347713,20260304,Wednesday,3,2026
2026-03-05 23:33:20.347713,20260305,Thursday,3,2026
2026-03-06 23:33:20.347713,20260306,Friday,3,2026
2026-03-07 23:33:20.347713,20260307,Saturday,3,2026
2026-03-08 23:33:20.347713,20260308,Sunday,3,2026
2026-03-09 23:33:20.347713,20260309,Monday,3,2026
2026-03-10 23:33:20.347713,20260310,Tuesday,3,2026
2026-03-11 23:33:20.347713,20260311,Wednesday,3,2026
2026-03-12 23:33:20.347713,20260312,Thursday,3,2026
2026-03-13 23:33:20.347713,20260313,Friday,3,2026
2026-03-14 23:33:20.347713,20260314,Saturday,3,2026
2026-03-15 23:33:20.347713,20260315,Sunday,3,2026
2026-03-16 23:33:20.347713,20260316,Monday,3,2026
2026-03-17 23:33:20.347713,20260317,Tuesday,3,2026
2026-03-18 23:33:20.347713,20260318,Wednesday,3,2026
2026-03-19 23:33:20.347713,20260319,Thursday,3,2026
2026-03-20 23:33:20.347713,20260320,Friday,3,2026
2026-03-21 23:33:20.347713,20260321,Saturday,3,2026
2026-03-22 23:33:20.347713,20260322,Sunday,3,2026
2026-03-23 23:33:20.347713,20260323,Monday,3,2026
2026-03-24 23:33:20.347713,20260324,Tuesday,3,2026
2026-03-25 23:33:20.347713,20260325,Wednesday,3,2026
2026-03-26 23:33:20.347713,20260326,Thursday,3,2026
2026-03-27 23:33:20.347713,20260327,Friday,3,2026
2026-03-28 23:33:20.347713,20260328,Saturday,3,2026
2026-03-29 23:33:20.347713,20260329,Sunday,3,2026
2026-03-30 23:33:20.347713,20260330,Monday,3,2026
2026-03-31 23:33:20.347713,20260331,Tuesday,3,2026
2026-04-01 23:33:20.347713,20260401,Wednesday,4,2026
2026-04-02 23:33:20.347713,20260402,Thursday,4,2026
2026-04-03 23:33:20.347713,20260403,Friday,4,2026
2026-04-04 23:33:20.347713,20260404,Saturday,4,2026
2026-04-05 23:33:20.347713,20260405,Sunday,4,2026
2026-04-06 23:33:20.347713,20260406,Monday,4,2026
2026-04-07 23:33:20.347713,20260407,Tuesday,4,2026
2026-04-08 23:33:20.347713,20260408,Wednesday,4,2026
2026-04-09 23:33:20.347713,20260409,Thursday,4,2026
2026-04-10 23:33:20.347713,20260410,Friday,4,2026
2026-04-11 23:33:20.347713,20260411,Saturday,4,2026
2026-04-12 23:33:20.347713,20260412,Sunday,4,2026
2026-04-13 23:33:20.347713,20260413,Monday,4,2026
2026-04-14 23:33:20.347713,20260414,Tuesday,4,2026
2026-04-15 23:33:20.347713,20260415,Wednesday,4,2026
2026-04-16 23:33:20.347713,20260416,Thursday,4,2026
2026-04-17 23:33:20.347713,20260417,Friday,4,2026
2026-04-18 23:33:20.347713,20260418,Saturday,4,2026
2026-04-19 23:33:20.347713,20260419,Sunday,4,2026
2026-04-20 23:33:20.347713,20260420,Monday,4,2026
2026-04-21 23:33:20.347713,20260421,Tuesday,4,2026
2026-04-22 23:33:20.347713,20260422,Wednesday,4,2026
2026-04-23 23:33:20.347713,20260423,Thursday,4,2026
2026-04-24 23:33:20.347713,20260424,Friday,4,2026
2026-04-25 23:33:20.347713,20260425,Saturday,4,2026
2026-04-26 23:33:20.347713,20260426,Sunday,4,2026
2026-04-27 23:33:20.347713,20260427,Monday,4,2026
2026-04-28 23:33:20.347713,20260428,Tuesday,4,2026
2026-04-29 23:33:20.347713,20260429,Wednesday,4,2026
2026-04-30 23:33:20.347713,20260430,Thursday,4,2026
2026-05-01 23:33:20.347713,20260501,Friday,5,2026
2026-05-02 23:33:20.347713,20260502,Saturday,5,2026
2026-05-03 23:33:20.347713,20260503,Sunday,5,2026
2026-05-04 23:33:20.347713,20260504,Monday,5,2026
2026-05-05 23:33:20.347713,20260505,Tuesday,5,2026
2026-05-06 23:33:20.347713,20260506,Wednesday,5,2026
2026-05-07 23:33:20.347713,20260507,Thursday,5,2026
2026-05-08 23:33:20.347713,20260508,Friday,5,2026
2026-05-09 23:33:20.347713,20260509,Saturday,5,2026
2026-05-10 23:33:20.347713,20260510,Sunday,5,2026
2026-05-11 23:33:20.347713,20260511,Monday,5,2026
2026-05-12 23:33:20.347713,20260512,Tuesday,5,2026
2026-05-13 23:33:20.347713,20260513,Wednesday,5,2026
2026-05-14 23:33:20.347713,20260514,Thursday,5,2026
2026-05-15 23:33:20.347713,20260515,Friday,5,2026
2026-05-16 23:33:20.347713,20260516,Saturday,5,2026
2026-05-17 23:33:20.347713,20260517,Sunday,5,2026
2026-05-18 23:33:20.347713,20260518,Monday,5,2026
2026-05-19 23:33:20.347713,20260519,Tuesday,5,2026
2026-05-20 23:33:20.347713,20260520,Wednesday,5,2026
2026-05-21 23:33:20.347713,20260521,Thursday,5,2026
2026-05-22 23:33:20.347713,20260522,Friday,5,2026
2026-05-23 23:33:20.347713,20260523,Saturday,5,2026
2026-05-24 23:33:20.347713,20260524,Sunday,5,2026
2026-05-25 23:33:20.347713,20260525,Monday,5,2026
2026-05-26 23:33:20.347713,20260526,Tuesday,5,2026
2026-05-27 23:33:20.347713,20260527,Wednesday,5,2026
2026-05-28 23:33:20.347713,20260528,Thursday,5,2026
2026-05-29 23:33:20.347713,20260529,Friday,5,2026
2026-05-30 23:33:20.347713,20260530,Saturday,5,2026
2026-05-31 23:33:20.347713,20260531,Sunday,5,2026
2026-06-01 23:33:20.347713,20260601,Monday,6,2026
2026-06-02 23:33:20.347713,20260602,Tuesday,6,2026
2026-06-03 23:33:20.347713,20260603,Wednesday,6,2026
2026-06-04 23:33:20.347713,20260604,Thursday,6,2026
2026-06-05 23:33:20.347713,20260605,Friday,6,2026
2026-06-06 23:33:20.347713,20260606,Saturday,6,2026
2026-06-07 23:33:20.347713,20260607,Sunday,6,2026
2026-06-08 23:33:20.347713,20260608,Monday,6,2026
2026-06-09 23:33:20.347713,20260609,Tuesday,6,2026
2026-06-10 23:33:20.347713,20260610,Wednesday,6,2026
2026-06-11 23:33:20.347713,20260611,Thursday,6,2026
2026-06-12 23:33:20.347713,20260612,Friday,6,2026
2026-06-13 23:33:20.347713,20260613,Saturday,6,2026
2026-06-14 23:33:20.347713,20260614,Sunday,6,2026
2026-06-15 23:33:20.347713,20260615,Monday,6,2026
2026-06-16 23:33:20.347713,20260616,Tuesday,6,2026
2026-06-17 23:33:20.347713,20260617,Wednesday,6,2026
2026-06-18 23:33:20.347713,20260618,Thursday,6,2026
2026-06-19 23:33:20.347713,20260619,Friday,6,2026
2026-06-20 23:33:20.347713,20260620,Saturday,6,2026
2026-06-21 23:33:20.347713,20260621,Sunday,6,2026
2026-06-22 23:33:20.347713,20260622,Monday,6,2026
2026-06-23 23:33:20.347713,20260623,Tuesday,6,2026
2026-06-24 23:33:20.347713,20260624,Wednesday,6,2026
